race,horse_name,earnings_class_score,hidden_class_score,overall_class_rating,hidden_vs_earnings_diff
11,REDISTRICTING,37.427142857142854,76.47187232336749,41.033775982724535,39.04472946622464
5,TAX IMPLICATIONS,37.69670485099055,76.48662681868103,47.40950522855006,38.78992196769048
2,DON'T BRING CRAZY,31.224201596806388,69.78950693476965,53.737742798993764,38.56530533796326
7,MISCHIEVOUS ROGUE,37.88620748814209,70.44156129705368,41.93126175878004,32.55535380891159
9,DISCREET DANCER,30.814381720430106,61.86226627288662,37.42515165605953,31.047884552456516
13,DAPPER MOON,37.62750673527496,67.93732528673928,49.81357561689552,30.309818551464318
9,GIOCOSO,37.91101952172088,67.00081235687419,38.41020249183666,29.08979283515331
2,DESERT RHAPSODY,29.80905994550409,58.62867025794667,36.002678052860844,28.819610312442585
5,SERENE SERAPH,46.78333333333333,74.9381714097592,47.28395142292776,28.154838076425875
8,JUST STEEL,44.965373965517244,72.54279611046447,45.7472571176221,27.57742214494722
1,STURDY,29.474659863945583,57.03640367168485,44.12451804028097,27.56174380773927
4,NEW KING,37.48914835164835,64.91582091625446,41.3448630331181,27.426672564606108
4,KUPUNA,44.65438531999398,72.05638649503169,59.21138934250679,27.40200117503771
4,BEST ACTOR,45.1530619235621,72.05377010484497,61.935008897056434,26.900708181282873
9,HAMMERHEAD,38.33646450986512,65.17242114685963,41.80313537349719,26.835956636994517
4,PATRIOT SPIRIT,44.8939076187948,71.38755408076177,56.61852465268619,26.493646461966975
7,UNCONQUERABLE KEEN,38.11549806576402,64.52961538461538,44.01085874497842,26.41411731885136
2,BARBRATINA,37.492254313918934,63.41234670908524,39.64521845398909,25.920092395166307
13,OPTICAL,29.766666666666666,54.937804367037096,31.126341310111126,25.17113770037043
6,INNOVATOR,44.82584567239431,69.58414866500591,42.29687515207921,24.758302992611604
14,LAMBO,37.13411764705882,61.456193381717966,52.64721095569186,24.322075734659144
4,QUALITY CHIC,45.62911732830249,69.31444841719002,53.827437322893125,23.68533108888753
13,SHAN,30.55482000414194,53.783846153846156,34.88482284801772,23.229026149704215
13,HAUNTED FLAME,31.063647454774923,54.15534076341166,41.47524358367221,23.091693308636735
3,YINZER,38.55275109170306,61.326935551538725,36.996818656727996,22.774184459835666
14,SHALLUS,27.8688718267863,50.1286719259472,45.079593899837995,22.259800099160902
7,RUN CARSON,45.07094369111233,67.14214988533452,51.674569626600906,22.071206194222185
4,ASHCROFT,30.57028088190879,52.573461538461544,34.52866485839742,22.003180656552754
11,HIGHWAY ROBBER,49.37,70.46570337372043,50.85621101211613,21.095703373720433
2,GENEROUS LOVER,48.075,69.06738192658827,53.603964577976484,20.992381926588266
4,LIBERAL ARTS,45.21955517364521,65.61538461538461,52.53341521275573,20.3958294417394
4,ACCRETIVE,46.612276982020404,66.63383016686554,52.215673691968846,20.021553184845132
5,VENENCIA,44.33147732640529,64.07692307692308,46.6722417199593,19.74544575051779
10,AWESOME TREAT,37.63250557758706,57.34615384615385,37.88847366376034,19.713648268566786
9,NEW CENTURY,44.92098891904741,64.46153846153847,47.05290655203288,19.540549542491057
2,GRACE ON GRACE,39.215939393939394,58.697084679715445,40.256298131187364,19.48114528577605
2,LEMON MUFFIN,44.07912659652508,63.25006315142567,51.31062591386399,19.170936554900592
10,GRAND JOB,50.72309529642332,69.62185661960794,52.46194986927287,18.898761323184623
13,FULLY VOLATILE,25.484078125,44.26390912392287,32.24700789342686,18.779830998922872
8,HERE MI SONG,44.957916407694405,63.69230769230769,46.83875469115479,18.734391284613288
13,MULTIVERSE,40.53,58.625466373294465,47.07613991198834,18.095466373294464
5,FIVE TOWNS,45.04191390501208,62.86653846153846,50.37882279571697,17.82462455652638
11,CAMEO PERFORMANCE,51.942372471044045,69.70634429108357,49.285970899294895,17.763971820039522
10,MISS SUSAN B,33.92561818181818,51.584353020821766,40.74183408806471,17.658734839003586
4,CASTLE CHAOS,44.223086196503914,61.79538461538462,54.68900417304215,17.572298418880706
9,SPIRIT RAGS,32.578384615384614,49.957561789938396,33.39754161390459,17.37917717455378
6,MACHO MUSIC,52.25182973403011,69.29803256005358,49.30273314832962,17.046202826023475
1,FOUNTAIN LAKE,32.407666666666664,49.04761690579412,46.79773507173823,16.639950239127458
4,OSBOURNE,44.451601461736885,60.652307692307694,55.69891296547391,16.20070623057081
10,BENEDETTA,58.59583850042927,74.63801712406053,56.25953246241133,16.04217862363126
14,MAINSTREAM,39.75,55.55230073028228,52.053190219084684,15.802300730282283
1,KICKING CLEAR,28.36126498422713,44.07692307692308,43.485646165979134,15.71565809269595
1,CROMWELL,39.81082638061184,55.45663867016621,52.051863472325195,15.645812289554364
7,AMBIVALENT,45.14474357759029,60.130320527877636,48.354230768278924,14.985576950287346
6,GATE TO WIRE,58.895050000000005,73.14160260253001,49.695253280759005,14.24655260253001
11,GOLD PHOENIX,55.803312720848055,69.9804406437018,53.60562291749216,14.177127922853742
9,GOLDEN AFTERNOON,51.37946838902,65.0749324411612,47.643240507407356,13.695464052141197
6,BUILT,58.82422868828701,72.38138194846017,53.18531749426721,13.557153260173166
14,BON TEMPS,32.990043643880114,46.457692307692305,42.53282733205374,13.467648663812192
8,GIANT MISCHIEF,62.7966261290623,76.00208956631853,56.05910862797359,13.205463437256235
7,ONE TIMER,56.038848167356505,69.1015086327495,53.447934265135274,13.062660465392995
4,INVEIGLED,54.31666666666667,67.20697321941978,62.10459196582593,12.89030655275311
7,NOBALS,56.045820433647464,68.6102442653739,57.05369247475353,12.56442383172643
13,CLASSIC TIME,44.93633802816901,57.333672993979576,42.42145401086992,12.397334965810565
6,PERFECT FORCE,54.3,66.36738501981483,55.59521550594445,12.067385019814836
7,EAMONN,46.77375,58.60846153846154,46.13072596153846,11.83471153846154
14,INTO THIN AIR,44.25,56.0451303648957,54.226039109468715,11.795130364895698
11,GIGANTE,63.85302142739796,75.62903165061083,62.672569137512326,11.776010223212865
1,BOURBON SOCIETY,30.848488005050505,42.574230769230766,44.15408883304195,11.72574276418026
14,HARBE,40.1,51.77659619930166,51.0779788597905,11.676596199301656
2,IZZY'S MONSTER,35.65393215960417,47.29796767317336,41.48365977377389,11.644035513569193
2,SECRET STATEMENT,38.254010298747794,49.82653846153846,47.16226617289804,11.572528162790668
7,ROGUE LIGHTNING,59.30882352941177,70.8573639623675,56.69617977694554,11.548540432955733
4,KEEN CAT,37.734933228180864,49.22458555582642,42.998095619429314,11.489652327645558
4,IMPLEMENTATION,53.61633635499671,65.08038461538462,62.4014667443639,11.464048260387905
2,HOME GAME,45.215410733175354,56.66923076923077,44.847704060698135,11.453820036055419
13,TINY LAKE,40.542857142857144,51.58303469649812,44.96919612323515,11.040177553640973
1,KNICKS GATE,38.181,48.915941395160516,49.35623241854815,10.734941395160519
14,BLISTERING,33.07,43.04346153846154,45.294538461538465,9.973461538461542
11,BRILLIANT BERTI,50.912171701165,60.861538461538466,46.16893880398579,9.949366760373465
5,POOLSIDE WITH SLIM,51.61363647657844,61.25038461538461,46.60125179907568,9.636748138806169
12,CITIZEN BULL,67.50422111196515,76.88423242784502,58.442169228737825,9.38001131587987
14,DELTA TAU CHI,42.21,51.44680314428552,51.928540943285654,9.236803144285517
10,TAXED,58.627131249288546,67.8478800539531,54.23657307836578,9.22074880466456
14,ARTHUR JR,35.287231939619026,44.46153846153847,46.7177159112901,9.17430652191944
12,RENDER JUDGMENT,59.93056352043155,69.08069656290056,48.94296255306436,9.150133042469008
3,VAMOS CARLITOS,37.886887433584576,46.74,32.32109934511306,8.853112566415426
11,TAKING CANDY,65.51815711845987,74.26797991399889,60.51356467750661,8.749822795539018
12,AMERICAN PROMISE,65.56666666666666,74.22497804951747,56.77249341485524,8.658311382850812
9,MAXIMUM PROMISE,51.93999268957268,60.56088219042163,46.541261367434196,8.620889500848953
6,GAMING,63.73430956423316,72.12543584322913,59.06807005687366,8.39112627899597
13,JOEJOE GO,43.73145161290323,51.509107434480406,40.13188545615057,7.777655821577177
2,NORMANDY QUEEN,44.1988195302843,51.808010821797325,40.43187203516713,7.609191291513028
8,MINDFRAME,68.30480474542759,75.89056476236341,62.254331564151435,7.585760016935822
1,SANSONE,48.225,55.6167980526102,55.88628941578306,7.3917980526101985
11,IDRATHERBEBLESSED,54.31071428571428,61.69173443688626,50.447341759637304,7.381020151171974
1,COFFEE TALK,37.95,45.230769230769226,48.14673076923077,7.2807692307692236
12,NEOEQUOS,60.9013418270534,68.16675774766361,56.605631146473115,7.265415920610209
12,OWEN ALMIGHTY,63.17719840004432,70.43164634024659,58.30923318209392,7.254447940202269
14,ADVANCED SPIRIT,49.0,56.02631230252235,56.357893690756704,7.026312302522349
7,COPPOLA,59.3473985370657,66.37031815806948,54.11742478910041,7.02291962100378
10,DORTH VADER,51.691569230769225,58.50423076923077,48.31247538461538,6.812661538461548
10,HOPE ROAD,58.34705882352941,65.03846153846155,50.767714932126694,6.6914027149321385
10,EMERY,66.75955880509059,73.25881691523662,60.76944653686175,6.49925811014603
13,JACK'S PROMISE,38.43620315046171,44.84615384615385,42.00013757155392,6.409950695692139
3,RACING DRIVER,40.53,46.911203479728584,42.311861043918576,6.381203479728583
11,RUNNING BEE,63.4861002901067,69.84823182339335,53.27321467756602,6.36213153328665
13,TOUCHY,58.93010820332159,65.03846153846155,58.53008715303318,6.1083533351399595
6,MADAKET ROAD,70.144,75.91221728158568,63.08846518447571,5.768217281585677
9,MAUI STRONG,59.2489336492891,64.88226911766095,54.876700877478385,5.633335468371854
1,MONEY MAN,33.7696,39.269230769230774,44.47708923076923,5.499630769230777
8,TEJANO TWIST,59.380632089460974,64.87846153846154,53.6848229017959,5.497829449000562
5,SACRED WISH,62.89035019671888,68.27902024464403,65.0343636619167,5.388670047925153
10,VAHVA,70.57478881511415,75.9272504524755,62.036830102544016,5.352461637361358
9,MI BAGO,64.10070880610363,69.23576775061913,53.36604928793237,5.135058944515507
14,SEND COINS,37.75,42.88273641580374,47.35232092474112,5.132736415803741
9,MEGALODON,54.617,59.652594849435545,51.22342845483066,5.035594849435547
13,FURIO,55.80833333333334,60.73794363514494,48.33513309054348,4.9296103018116
8,EXTRA ANEJO,71.37,76.15167639115909,63.71200291734773,4.781676391159081
3,STRUMMIN,46.5625,51.341043091441044,37.60543792743231,4.778543091441044
7,BOSS SULLY,54.04019595575102,58.72423076923077,45.68535741085719,4.684034813479755
11,SPIRIT OF ST LOUIS,71.406,75.77429449195552,62.36498834758666,4.36829449195551
10,KOPION,68.23992805755395,72.52639341523668,61.215885650470284,4.286465357682729
4,CHIRON,46.76724137931035,50.82961538461539,53.79414323607428,4.062374005305038
12,PUBLISHER,70.12857142857143,74.14012859082507,58.799895720104665,4.011557162253638
9,WARLANDER,54.86961790242837,58.873104452324,47.35325939178996,4.003486549895634
14,EXCITE,38.134,41.94307692307692,47.24322307692307,3.8090769230769226
9,CHARLIE'S TO BLAME,54.31,58.06209252746227,46.85812775823868,3.752092527462267
12,JOURNALISM,72.94,76.66837007069624,64.57351102120887,3.7283700706962435
12,TIZTASTIC,70.61865272017565,73.9629315342755,62.71727318436169,3.3442788140998516
11,INTEGRATION,70.69227180906779,74.01543270672545,66.51615212609813,3.323160897657658
3,VALENTINIAN,56.5,59.57780669255594,48.29834200776678,3.0778066925559386
14,PEDIATRICIAN,37.75,40.80769230769231,46.729807692307695,3.0576923076923066
12,SANDMAN,72.8925,75.93091379037048,64.33089913711115,3.038413790370484
9,ZULU KINGDOM,63.44200092880055,66.1923076923077,53.40659272565256,2.7503067635071403
9,SCIPIO,65.62857142857143,67.9780565701348,58.676274113897584,2.3494851415633633
8,MULLIKIN,71.41363636363636,73.7446272270972,63.00952453176552,2.3309908634608405
7,ARREST ME RED,63.135401855517365,65.42307692307692,55.537853911905884,2.2876750675595545
8,BANISHING,71.37,73.3400123122974,65.36850369368922,1.9700123122973991
6,SMOKEN WICKED,59.135244649511286,61.03007032744976,46.169881190515,1.8948256779384707
3,HYPNUS,56.5,58.29076923076923,51.66223076923077,1.7907692307692287
5,PIN UP BETTY,61.83571428571429,63.26769230769231,51.80637912087912,1.4319780219780185
3,BRACKET BUSTER,58.06,58.71556656770546,48.74166997031164,0.6555665677054563
12,FLYING MOHAWK,65.6,66.12420835338536,58.1072625060156,0.5242083533853616
2,TAPIT QUICK,48.04,48.287881895753074,47.35436456872592,0.24788189575307484
10,MYSTIC LAKE,66.89273896064884,66.84707398394917,61.40585472747673,-0.04566497669966907
8,HOIST THE GOLD,58.10744501089356,57.471538461538465,50.88981179336364,-0.6359065493550915
10,HAULIN ICE,63.80623070904729,63.1573076923077,51.40999612676359,-0.6489230167395945
12,RODRIGUEZ,72.94,71.95099410298286,63.15829823089486,-0.9890058970171367
9,CLASSIC OF COURSE,59.8942861649181,58.88461538461539,52.11781338959776,-1.009670780302713
6,CALIFORNIA BURRITO,61.78993447953894,60.670484713280906,51.0066159297768,-1.119449766258036
1,CHILLAX,42.75,41.198846153846155,49.097153846153844,-1.551153846153845
5,SIMPLY IN FRONT,72.85363636363635,70.98712229306798,59.08027305155676,-1.8665140705683712
8,BOOK'EM DANNO,62.69518575851393,60.71923076923077,57.6786028221005,-1.97595498928316
5,MOVIN' ON UP,61.055975554889024,58.88692307692308,50.14126592277699,-2.1690524779659413
10,MY MANE SQUEEZE,62.67868304219742,58.621153846153845,53.291753522834995,-4.057529196043575
9,A. P. KID,56.5,52.224930960506114,51.092479288151836,-4.275069039493886
10,SCYLLA,69.54924719187864,65.23076923076923,59.61639200557615,-4.318477961109409
10,WAYS AND MEANS,69.77201167728238,65.23076923076923,55.96663602400784,-4.541242446513152
11,MERCANTE,64.8703581685583,60.03076923076923,55.950891945082006,-4.839588937789067
12,EAST AVENUE,68.44955138866905,61.89038461538461,54.36941350951646,-6.5591667732844385
14,PURSUITNEVERSLEEPS,56.5,49.8673972804046,57.88521918412138,-6.632602719595397
12,LUXOR CAFE,65.15,58.42307692307692,55.59442307692308,-6.726923076923086
12,COAL BATTLE,72.8925,65.94332620994417,61.33462286298325,-6.9491737900558235
13,ROMANESQUE,69.10185185185185,62.01080199168254,54.6990739308381,-7.091049860169306
3,TIZ SECURE,56.5,49.08461538461538,45.15038461538462,-7.4153846153846175
3,RAPTURE,69.35,61.61960604618301,50.9433818138549,-7.730393953816986
12,SOVEREIGNTY,72.902,65.00769230769231,61.05820769230769,-7.894307692307692
10,POSITANO SUNSET,66.834375,58.885,58.99096874999999,-7.949374999999996
9,TEST SCORE,71.4,60.50653846153846,59.031961538461545,-10.893461538461544
8,NYSOS,79.22670807453416,67.71140520722153,60.96544019570683,-11.515302867312627
12,BURNHAM SQUARE,72.90833333333333,60.61576923076923,59.74348076923077,-12.2925641025641
13,PATCH ADAMS,68.6228,55.230769230769226,52.44949076923076,-13.392030769230772
12,CHUNK OF GOLD,80.0,66.39771567367633,64.6693147021029,-13.60228432632367
12,BAEZA,71.75,58.0844923892461,58.46284771677383,-13.665507610753899
12,GRANDE,78.5,64.03470652549298,63.285411957647895,-14.465293474507021
3,GOAL ORIENTED,70.25,55.518227383588005,58.2679682150764,-14.731772616411995
7,THINK BIG,65.59375,50.79115384615385,53.50453365384615,-14.802596153846153
13,BIG TRUZZ,74.75,59.37986900011651,61.45146070003496,-15.370130999883493
5,SPECIAL WAN,58.0875,40.905,39.660875000000004,-17.182499999999997
3,SORCERER'S SILVER,70.25,52.65594633518581,52.40928390055574,-17.59405366481419
9,IRON MAN CAL,78.5,59.9203096465414,62.05109289396242,-18.579690353458602
12,ADMIRE DAYTONA,72.87666666666667,49.892307692307696,56.51219230769231,-22.98435897435897
13,TERRAPIN STATION,70.25,47.057307692307695,50.72969230769231,-23.192692307692305
1,BANDED HUMOR,76.25,50.12757582671039,66.85077274801311,-26.12242417328961
12,FINAL GAMBIT,82.75,55.00769230769231,62.48980769230769,-27.74230769230769
1,KNICKS CODE,76.25,46.50981742412144,65.76544522723643,-29.740182575878563
