race,horse_name,post_position,overall_class_rating,class_rank,class_category,class_edge,earnings_class_score,hidden_class_score,class_move_direction
1,BANDED HUMOR,5,66.85077274801311,1.0,Allowance,Rising_star,76.25,50.12757582671039,Unknown
1,KNICKS CODE,1,65.76544522723643,2.0,Allowance,Rising_star,76.25,46.50981742412144,Unknown
1,SANSONE,8,55.88628941578306,3.0,Claiming,Rising_star,48.225,55.6167980526102,Lateral
1,CROMWELL,2,52.051863472325195,4.0,Claiming,Hidden_quality,39.81082638061184,55.45663867016621,Lateral
1,KNICKS GATE,10,49.35623241854815,5.0,Claiming,Rising_star,38.181,48.915941395160516,Lateral
1,CHILLAX,12,49.097153846153844,6.0,Claiming,Rising_star,42.75,41.198846153846155,Lateral
1,COFFEE TALK,11,48.14673076923077,7.0,Claiming,Rising_star,37.95,45.230769230769226,Lateral
1,FOUNTAIN LAKE,3,46.79773507173823,8.0,Claiming,"Hidden_quality, Rising_star",32.407666666666664,49.04761690579412,Lateral
1,MONEY MAN,7,44.47708923076923,9.0,Claiming,Rising_star,33.7696,39.269230769230774,Lateral
1,BOURBON SOCIETY,9,44.15408883304195,10.0,Claiming,None,30.848488005050505,42.574230769230766,Lateral
1,STURDY,4,44.12451804028097,11.0,Claiming,"Hidden_quality, Faces_easier",29.474659863945583,57.03640367168485,Lateral
1,KICKING CLEAR,6,43.485646165979134,12.0,Claiming,"Hidden_quality, Rising_star",28.36126498422713,44.07692307692308,Lateral
2,DON'T BRING CRAZY,6,53.737742798993764,1.0,Claiming,Hidden_quality,31.224201596806388,69.78950693476965,Lateral
2,GENEROUS LOVER,10,53.603964577976484,2.0,Claiming,"Hidden_quality, Rising_star",48.075,69.06738192658827,Up
2,LEMON MUFFIN,8,51.31062591386399,3.0,Claiming,"Significant_drop, Hidden_quality",44.07912659652508,63.25006315142567,Down
2,TAPIT QUICK,5,47.35436456872592,4.0,Claiming,Rising_star,48.04,48.287881895753074,Up
2,SECRET STATEMENT,1,47.16226617289804,5.0,Claiming,None,38.254010298747794,49.82653846153846,Up
2,HOME GAME,4,44.847704060698135,6.0,Claiming,None,45.215410733175354,56.66923076923077,Up
2,IZZY'S MONSTER,3,41.48365977377389,7.0,Claiming,Rising_star,35.65393215960417,47.29796767317336,Up
2,NORMANDY QUEEN,7,40.43187203516713,8.0,Claiming,None,44.1988195302843,51.808010821797325,Up
2,GRACE ON GRACE,2,40.256298131187364,9.0,Claiming,"Hidden_quality, Rising_star",39.215939393939394,58.697084679715445,Up
2,BARBRATINA,11,39.64521845398909,10.0,Low,Hidden_quality,37.492254313918934,63.41234670908524,Up
2,DESERT RHAPSODY,9,36.002678052860844,11.0,Low,Hidden_quality,29.80905994550409,58.62867025794667,Up
3,GOAL ORIENTED,5,58.2679682150764,1.0,Claiming,Rising_star,70.25,55.518227383588005,Up
3,SORCERER'S SILVER,11,52.40928390055574,2.0,Claiming,Rising_star,70.25,52.65594633518581,Up
3,HYPNUS,7,51.66223076923077,3.0,Claiming,Rising_star,56.5,58.29076923076923,Up
3,RAPTURE,6,50.9433818138549,4.0,Claiming,None,69.35,61.61960604618301,Up
3,BRACKET BUSTER,2,48.74166997031164,5.0,Claiming,Rising_star,58.06,58.71556656770546,Up
3,VALENTINIAN,3,48.29834200776678,6.0,Claiming,Rising_star,56.5,59.57780669255594,Up
3,TIZ SECURE,9,45.15038461538462,7.0,Claiming,Rising_star,56.5,49.08461538461538,Up
3,RACING DRIVER,4,42.311861043918576,8.0,Claiming,Rising_star,40.53,46.911203479728584,Up
3,STRUMMIN,10,37.60543792743231,9.0,Low,Rising_star,46.5625,51.341043091441044,Up
3,YINZER,8,36.996818656727996,10.0,Low,"Hidden_quality, Rising_star",38.55275109170306,61.326935551538725,Up
3,VAMOS CARLITOS,1,32.32109934511306,11.0,Low,None,37.886887433584576,46.74,Up
4,IMPLEMENTATION,10,62.4014667443639,1.0,Allowance,Rising_star,53.61633635499671,65.08038461538462,Up
4,INVEIGLED,11,62.10459196582593,2.0,Allowance,Rising_star,54.31666666666667,67.20697321941978,Lateral
4,BEST ACTOR,7,61.935008897056434,3.0,Allowance,Hidden_quality,45.1530619235621,72.05377010484497,Down
4,KUPUNA,6,59.21138934250679,4.0,Claiming,Hidden_quality,44.65438531999398,72.05638649503169,Lateral
4,PATRIOT SPIRIT,12,56.61852465268619,5.0,Claiming,Hidden_quality,44.8939076187948,71.38755408076177,Lateral
4,OSBOURNE,2,55.69891296547391,6.0,Claiming,Hidden_quality,44.451601461736885,60.652307692307694,Lateral
4,CASTLE CHAOS,4,54.68900417304215,7.0,Claiming,Hidden_quality,44.223086196503914,61.79538461538462,Up
4,QUALITY CHIC,14,53.827437322893125,8.0,Claiming,Hidden_quality,45.62911732830249,69.31444841719002,Lateral
4,CHIRON,8,53.79414323607428,9.0,Claiming,Rising_star,46.76724137931035,50.82961538461539,Lateral
4,LIBERAL ARTS,9,52.53341521275573,10.0,Claiming,Hidden_quality,45.21955517364521,65.61538461538461,Up
4,ACCRETIVE,3,52.215673691968846,11.0,Claiming,"Hidden_quality, Rising_star",46.612276982020404,66.63383016686554,Up
4,KEEN CAT,5,42.998095619429314,12.0,Claiming,None,37.734933228180864,49.22458555582642,Up
4,NEW KING,13,41.3448630331181,13.0,Claiming,Hidden_quality,37.48914835164835,64.91582091625446,Up
4,ASHCROFT,1,34.52866485839742,14.0,Low,Hidden_quality,30.57028088190879,52.573461538461544,Up
5,SACRED WISH,6,65.0343636619167,1.0,Allowance,None,62.89035019671888,68.27902024464403,Up
5,SIMPLY IN FRONT,9,59.08027305155676,2.0,Claiming,Rising_star,72.85363636363635,70.98712229306798,Down
5,PIN UP BETTY,3,51.80637912087912,3.0,Claiming,Rising_star,61.83571428571429,63.26769230769231,Up
5,FIVE TOWNS,5,50.37882279571697,4.0,Claiming,Hidden_quality,45.04191390501208,62.86653846153846,Up
5,MOVIN' ON UP,2,50.14126592277699,5.0,Claiming,Rising_star,61.055975554889024,58.88692307692308,Up
5,TAX IMPLICATIONS,7,47.40950522855006,6.0,Claiming,Hidden_quality,37.69670485099055,76.48662681868103,Up
5,SERENE SERAPH,4,47.28395142292776,7.0,Claiming,"Hidden_quality, Rising_star",46.78333333333333,74.9381714097592,Up
5,VENENCIA,1,46.6722417199593,8.0,Claiming,Hidden_quality,44.33147732640529,64.07692307692308,Up
5,POOLSIDE WITH SLIM,8,46.60125179907568,9.0,Claiming,None,51.61363647657844,61.25038461538461,Up
5,SPECIAL WAN,10,39.660875000000004,10.0,Low,Rising_star,58.0875,40.905,Up
6,MADAKET ROAD,1,63.08846518447571,1.0,Allowance,Rising_star,70.144,75.91221728158568,Up
6,GAMING,6,59.06807005687366,2.0,Claiming,None,63.73430956423316,72.12543584322913,Up
6,PERFECT FORCE,9,55.59521550594445,3.0,Claiming,Rising_star,54.3,66.36738501981483,Up
6,BUILT,2,53.18531749426721,4.0,Claiming,None,58.82422868828701,72.38138194846017,Up
6,CALIFORNIA BURRITO,3,51.0066159297768,5.0,Claiming,Rising_star,61.78993447953894,60.670484713280906,Up
6,GATE TO WIRE,5,49.695253280759005,6.0,Claiming,None,58.895050000000005,73.14160260253001,Up
6,MACHO MUSIC,7,49.30273314832962,7.0,Claiming,"Hidden_quality, Rising_star",52.25182973403011,69.29803256005358,Up
6,SMOKEN WICKED,4,46.169881190515,8.0,Claiming,None,59.135244649511286,61.03007032744976,Up
6,INNOVATOR,8,42.29687515207921,9.0,Claiming,Hidden_quality,44.82584567239431,69.58414866500591,Up
7,NOBALS,3,57.05369247475353,1.0,Claiming,None,56.045820433647464,68.6102442653739,Up
7,ROGUE LIGHTNING,8,56.69617977694554,2.0,Claiming,Rising_star,59.30882352941177,70.8573639623675,Up
7,ARREST ME RED,5,55.537853911905884,3.0,Claiming,None,63.135401855517365,65.42307692307692,Down
7,COPPOLA,1,54.11742478910041,4.0,Claiming,None,59.3473985370657,66.37031815806948,Lateral
7,THINK BIG,7,53.50453365384615,5.0,Claiming,Rising_star,65.59375,50.79115384615385,Up
7,ONE TIMER,4,53.447934265135274,6.0,Claiming,None,56.038848167356505,69.1015086327495,Lateral
7,RUN CARSON,6,51.674569626600906,7.0,Claiming,Hidden_quality,45.07094369111233,67.14214988533452,Up
7,AMBIVALENT,2,48.354230768278924,8.0,Claiming,None,45.14474357759029,60.130320527877636,Up
7,EAMONN,11,46.13072596153846,9.0,Claiming,Rising_star,46.77375,58.60846153846154,Lateral
7,BOSS SULLY,9,45.68535741085719,10.0,Claiming,Rising_star,54.04019595575102,58.72423076923077,Up
7,UNCONQUERABLE KEEN,10,44.01085874497842,11.0,Claiming,Hidden_quality,38.11549806576402,64.52961538461538,Lateral
7,MISCHIEVOUS ROGUE,12,41.93126175878004,12.0,Claiming,Hidden_quality,37.88620748814209,70.44156129705368,Up
8,BANISHING,2,65.36850369368922,1.0,Allowance,Rising_star,71.37,73.3400123122974,Up
8,EXTRA ANEJO,6,63.71200291734773,2.0,Allowance,Rising_star,71.37,76.15167639115909,Up
8,MULLIKIN,11,63.00952453176552,3.0,Allowance,Rising_star,71.41363636363636,73.7446272270972,Up
8,MINDFRAME,7,62.254331564151435,4.0,Allowance,None,68.30480474542759,75.89056476236341,Up
8,NYSOS,10,60.96544019570683,5.0,Allowance,Rising_star,79.22670807453416,67.71140520722153,Up
8,BOOK'EM DANNO,3,57.6786028221005,6.0,Claiming,None,62.69518575851393,60.71923076923077,Up
8,GIANT MISCHIEF,4,56.05910862797359,7.0,Claiming,None,62.7966261290623,76.00208956631853,Up
8,TEJANO TWIST,5,53.6848229017959,8.0,Claiming,None,59.380632089460974,64.87846153846154,Up
8,HOIST THE GOLD,8,50.88981179336364,9.0,Claiming,None,58.10744501089356,57.471538461538465,Up
8,HERE MI SONG,9,46.83875469115479,10.0,Claiming,Hidden_quality,44.957916407694405,63.69230769230769,Lateral
8,JUST STEEL,1,45.7472571176221,11.0,Claiming,Hidden_quality,44.965373965517244,72.54279611046447,Up
9,IRON MAN CAL,10,62.05109289396242,1.0,Allowance,Rising_star,78.5,59.9203096465414,Up
9,TEST SCORE,5,59.031961538461545,2.0,Claiming,Rising_star,71.4,60.50653846153846,Up
9,SCIPIO,2,58.676274113897584,3.0,Claiming,Rising_star,65.62857142857143,67.9780565701348,Up
9,MAUI STRONG,13,54.876700877478385,4.0,Claiming,None,59.2489336492891,64.88226911766095,Up
9,ZULU KINGDOM,7,53.40659272565256,5.0,Claiming,None,63.44200092880055,66.1923076923077,Up
9,MI BAGO,4,53.36604928793237,6.0,Claiming,Rising_star,64.10070880610363,69.23576775061913,Up
9,CLASSIC OF COURSE,11,52.11781338959776,7.0,Claiming,Rising_star,59.8942861649181,58.88461538461539,Up
9,MEGALODON,14,51.22342845483066,8.0,Claiming,Rising_star,54.617,59.652594849435545,Up
9,A. P. KID,17,51.092479288151836,9.0,Claiming,Rising_star,56.5,52.224930960506114,Up
9,GOLDEN AFTERNOON,12,47.643240507407356,10.0,Claiming,None,51.37946838902,65.0749324411612,Up
9,WARLANDER,1,47.35325939178996,11.0,Claiming,None,54.86961790242837,58.873104452324,Up
9,NEW CENTURY,3,47.05290655203288,12.0,Claiming,Hidden_quality,44.92098891904741,64.46153846153847,Up
9,CHARLIE'S TO BLAME,8,46.85812775823868,13.0,Claiming,Rising_star,54.31,58.06209252746227,Up
9,MAXIMUM PROMISE,6,46.541261367434196,14.0,Claiming,None,51.93999268957268,60.56088219042163,Up
9,HAMMERHEAD,15,41.80313537349719,15.0,Claiming,"Hidden_quality, Rising_star",38.33646450986512,65.17242114685963,Up
9,GIOCOSO,9,38.41020249183666,16.0,Low,Hidden_quality,37.91101952172088,67.00081235687419,Up
9,DISCREET DANCER,18,37.42515165605953,17.0,Low,Hidden_quality,30.814381720430106,61.86226627288662,Up
9,SPIRIT RAGS,16,33.39754161390459,18.0,Low,"Hidden_quality, Rising_star",32.578384615384614,49.957561789938396,Up
10,VAHVA,7,62.036830102544016,1.0,Allowance,None,70.57478881511415,75.9272504524755,Up
10,MYSTIC LAKE,6,61.40585472747673,2.0,Allowance,None,66.89273896064884,66.84707398394917,Up
10,KOPION,2,61.215885650470284,3.0,Allowance,Rising_star,68.23992805755395,72.52639341523668,Up
10,EMERY,9,60.76944653686175,4.0,Allowance,None,66.75955880509059,73.25881691523662,Up
10,SCYLLA,1,59.61639200557615,5.0,Claiming,Rising_star,69.54924719187864,65.23076923076923,Up
10,POSITANO SUNSET,11,58.99096874999999,6.0,Claiming,Rising_star,66.834375,58.885,Up
10,BENEDETTA,3,56.25953246241133,7.0,Claiming,Hidden_quality,58.59583850042927,74.63801712406053,Up
10,WAYS AND MEANS,8,55.96663602400784,8.0,Claiming,Rising_star,69.77201167728238,65.23076923076923,Up
10,TAXED,14,54.23657307836578,9.0,Claiming,None,58.627131249288546,67.8478800539531,Lateral
10,MY MANE SQUEEZE,13,53.291753522834995,10.0,Claiming,None,62.67868304219742,58.621153846153845,Up
10,GRAND JOB,15,52.46194986927287,11.0,Claiming,Hidden_quality,50.72309529642332,69.62185661960794,Up
10,HAULIN ICE,5,51.40999612676359,12.0,Claiming,Rising_star,63.80623070904729,63.1573076923077,Up
10,HOPE ROAD,12,50.767714932126694,13.0,Claiming,None,58.34705882352941,65.03846153846155,Up
10,DORTH VADER,10,48.31247538461538,14.0,Claiming,None,51.691569230769225,58.50423076923077,Up
10,MISS SUSAN B,16,40.74183408806471,15.0,Claiming,"Hidden_quality, Rising_star",33.92561818181818,51.584353020821766,Up
10,AWESOME TREAT,4,37.88847366376034,16.0,Low,Hidden_quality,37.63250557758706,57.34615384615385,Up
11,INTEGRATION,1,66.51615212609813,1.0,Allowance,Rising_star,70.69227180906779,74.01543270672545,Up
11,GIGANTE,12,62.672569137512326,2.0,Allowance,None,63.85302142739796,75.62903165061083,Up
11,SPIRIT OF ST LOUIS,10,62.36498834758666,3.0,Allowance,Rising_star,71.406,75.77429449195552,Up
11,TAKING CANDY,6,60.51356467750661,4.0,Allowance,Rising_star,65.51815711845987,74.26797991399889,Up
11,MERCANTE,9,55.950891945082006,5.0,Claiming,Rising_star,64.8703581685583,60.03076923076923,Up
11,GOLD PHOENIX,2,53.60562291749216,6.0,Claiming,None,55.803312720848055,69.9804406437018,Up
11,RUNNING BEE,7,53.27321467756602,7.0,Claiming,Rising_star,63.4861002901067,69.84823182339335,Up
11,HIGHWAY ROBBER,3,50.85621101211613,8.0,Claiming,Hidden_quality,49.37,70.46570337372043,Up
11,IDRATHERBEBLESSED,5,50.447341759637304,9.0,Claiming,Rising_star,54.31071428571428,61.69173443688626,Up
11,CAMEO PERFORMANCE,8,49.285970899294895,10.0,Claiming,Hidden_quality,51.942372471044045,69.70634429108357,Up
11,BRILLIANT BERTI,11,46.16893880398579,11.0,Claiming,None,50.912171701165,60.861538461538466,Up
11,REDISTRICTING,4,41.033775982724535,12.0,Claiming,Hidden_quality,37.427142857142854,76.47187232336749,Up
12,CHUNK OF GOLD,19,64.6693147021029,1.0,Allowance,Rising_star,80.0,66.39771567367633,Up
12,JOURNALISM,8,64.57351102120887,2.0,Allowance,Rising_star,72.94,76.66837007069624,Up
12,SANDMAN,17,64.33089913711115,3.0,Allowance,Rising_star,72.8925,75.93091379037048,Up
12,GRANDE,10,63.285411957647895,4.0,Allowance,Rising_star,78.5,64.03470652549298,Up
12,RODRIGUEZ,4,63.15829823089486,5.0,Allowance,Rising_star,72.94,71.95099410298286,Up
12,TIZTASTIC,14,62.71727318436169,6.0,Allowance,None,70.61865272017565,73.9629315342755,Up
12,FINAL GAMBIT,3,62.48980769230769,7.0,Allowance,Rising_star,82.75,55.00769230769231,Up
12,COAL BATTLE,16,61.33462286298325,8.0,Allowance,Rising_star,72.8925,65.94332620994417,Up
12,SOVEREIGNTY,18,61.05820769230769,9.0,Allowance,Rising_star,72.902,65.00769230769231,Up
12,BURNHAM SQUARE,9,59.74348076923077,10.0,Claiming,Rising_star,72.90833333333333,60.61576923076923,Up
12,PUBLISHER,13,58.799895720104665,11.0,Claiming,Rising_star,70.12857142857143,74.14012859082507,Up
12,BAEZA,21,58.46284771677383,12.0,Claiming,Rising_star,71.75,58.0844923892461,Up
12,CITIZEN BULL,1,58.442169228737825,13.0,Claiming,None,67.50422111196515,76.88423242784502,Up
12,OWEN ALMIGHTY,20,58.30923318209392,14.0,Claiming,None,63.17719840004432,70.43164634024659,Up
12,FLYING MOHAWK,11,58.1072625060156,15.0,Claiming,Rising_star,65.6,66.12420835338536,Up
12,AMERICAN PROMISE,5,56.77249341485524,16.0,Claiming,Rising_star,65.56666666666666,74.22497804951747,Up
12,NEOEQUOS,2,56.605631146473115,17.0,Claiming,Rising_star,60.9013418270534,68.16675774766361,Up
12,ADMIRE DAYTONA,6,56.51219230769231,18.0,Claiming,Rising_star,72.87666666666667,49.892307692307696,Up
12,LUXOR CAFE,7,55.59442307692308,19.0,Claiming,Rising_star,65.15,58.42307692307692,Up
12,EAST AVENUE,12,54.36941350951646,20.0,Claiming,None,68.44955138866905,61.89038461538461,Up
12,RENDER JUDGMENT,15,48.94296255306436,21.0,Claiming,Rising_star,59.93056352043155,69.08069656290056,Up
13,BIG TRUZZ,14,61.45146070003496,1.0,Allowance,Rising_star,74.75,59.37986900011651,Up
13,TOUCHY,8,58.53008715303318,2.0,Claiming,None,58.93010820332159,65.03846153846155,Lateral
13,ROMANESQUE,9,54.6990739308381,3.0,Claiming,None,69.10185185185185,62.01080199168254,Up
13,PATCH ADAMS,11,52.44949076923076,4.0,Claiming,None,68.6228,55.230769230769226,Up
13,TERRAPIN STATION,16,50.72969230769231,5.0,Claiming,Rising_star,70.25,47.057307692307695,Up
13,DAPPER MOON,2,49.81357561689552,6.0,Claiming,Hidden_quality,37.62750673527496,67.93732528673928,Up
13,FURIO,3,48.33513309054348,7.0,Claiming,Rising_star,55.80833333333334,60.73794363514494,Up
13,MULTIVERSE,7,47.07613991198834,8.0,Claiming,"Hidden_quality, Rising_star",40.53,58.625466373294465,Up
13,TINY LAKE,5,44.96919612323515,9.0,Claiming,Rising_star,40.542857142857144,51.58303469649812,Up
13,CLASSIC TIME,6,42.42145401086992,10.0,Claiming,None,44.93633802816901,57.333672993979576,Up
13,JACK'S PROMISE,1,42.00013757155392,11.0,Claiming,Rising_star,38.43620315046171,44.84615384615385,Up
13,HAUNTED FLAME,15,41.47524358367221,12.0,Claiming,Hidden_quality,31.063647454774923,54.15534076341166,Up
13,JOEJOE GO,12,40.13188545615057,13.0,Claiming,None,43.73145161290323,51.509107434480406,Up
13,SHAN,4,34.88482284801772,14.0,Low,Hidden_quality,30.55482000414194,53.783846153846156,Up
13,FULLY VOLATILE,13,32.24700789342686,15.0,Low,Hidden_quality,25.484078125,44.26390912392287,Up
13,OPTICAL,10,31.126341310111126,16.0,Low,Hidden_quality,29.766666666666666,54.937804367037096,Up
14,PURSUITNEVERSLEEPS,12,57.88521918412138,1.0,Claiming,Rising_star,56.5,49.8673972804046,Lateral
14,ADVANCED SPIRIT,5,56.357893690756704,2.0,Claiming,Rising_star,49.0,56.02631230252235,Lateral
14,INTO THIN AIR,1,54.226039109468715,3.0,Claiming,Rising_star,44.25,56.0451303648957,Lateral
14,LAMBO,13,52.64721095569186,4.0,Claiming,Hidden_quality,37.13411764705882,61.456193381717966,Lateral
14,MAINSTREAM,14,52.053190219084684,5.0,Claiming,"Hidden_quality, Rising_star",39.75,55.55230073028228,Lateral
14,DELTA TAU CHI,9,51.928540943285654,6.0,Claiming,Rising_star,42.21,51.44680314428552,Lateral
14,HARBE,8,51.0779788597905,7.0,Claiming,Rising_star,40.1,51.77659619930166,Lateral
14,SEND COINS,7,47.35232092474112,8.0,Claiming,Rising_star,37.75,42.88273641580374,Lateral
14,EXCITE,10,47.24322307692307,9.0,Claiming,Rising_star,38.134,41.94307692307692,Lateral
14,PEDIATRICIAN,2,46.729807692307695,10.0,Claiming,Rising_star,37.75,40.80769230769231,Lateral
14,ARTHUR JR,6,46.7177159112901,11.0,Claiming,None,35.287231939619026,44.46153846153847,Lateral
14,BLISTERING,4,45.294538461538465,12.0,Claiming,Rising_star,33.07,43.04346153846154,Lateral
14,SHALLUS,11,45.079593899837995,13.0,Claiming,"Hidden_quality, Rising_star",27.8688718267863,50.1286719259472,Lateral
14,BON TEMPS,3,42.53282733205374,14.0,Claiming,"Rising_star, Faces_easier",32.990043643880114,46.457692307692305,Lateral
